ML Model Name,Accuracy,AUC,Precision,Recall,F1,MCC
XGBoost (Ensemble),0.8046272493573264,0.9517408451660068,0.812888066922963,0.8046272493573264,0.8068019894409779,0.7474077418776088
Random Forest (Ensemble),0.8020565552699229,0.9468424089662123,0.8086961566049576,0.8020565552699229,0.8015743957010756,0.7433674974739488
Decision Tree,0.7455012853470437,0.8312884636478028,0.7491648732396176,0.7455012853470437,0.7452432507006058,0.673299199739621
kNN,0.7429305912596401,0.8986162277059736,0.7414166010606122,0.7429305912596401,0.7387819282736711,0.6731670752363134
Logistic Regression,0.7275064267352185,0.9066430999714752,0.732903122830645,0.7275064267352185,0.7276535791762936,0.6486798257059551
Naive Bayes,0.4524421593830334,0.7955369943624028,0.5740981097891582,0.4524421593830334,0.400277517286576,0.37889970125548783
